{
  "timestamp": "2026-04-08T08:38:45.107Z",
  "version": "2.3.1",
  "iterations": 1000,
  "tests": {
    "redis": {
      "passed": true,
      "stats": {
        "write": {
          "min": 0.20366699999999582,
          "max": 3.65787499999999,
          "avg": 0.3420970849999999,
          "p50": 0.2747910000000502,
          "p95": 0.6724590000000035,
          "p99": 1.822917000000018
        },
        "read": {
          "min": 0.1897910000000138,
          "max": 0.8522500000000264,
          "avg": 0.2418334319999999,
          "p50": 0.23366600000008475,
          "p95": 0.2873339999999871,
          "p99": 0.46620800000005147
        }
      }
    },
    "sqlite": {
      "passed": true,
      "stats": {
        "insert": {
          "min": 0.015333999999938897,
          "max": 0.8579170000000431,
          "avg": 0.024144335000000752,
          "p50": 0.0242919999999458,
          "p95": 0.029833999999937078,
          "p99": 0.05291599999998198
        },
        "select": {
          "min": 0.0026659999999765205,
          "max": 0.03220899999996618,
          "avg": 0.0031877810000000865,
          "p50": 0.0029580000000350992,
          "p95": 0.0037499999999681677,
          "p99": 0.0061249999999972715
        }
      }
    },
    "fileQueue": {
      "passed": true,
      "stats": {
        "enqueue": {
          "min": 0.13337499999988722,
          "max": 3.6393749999999727,
          "avg": 0.20835925500000485,
          "p50": 0.1935000000000855,
          "p95": 0.2684590000001208,
          "p99": 0.4380419999999958
        },
        "dequeue": {
          "min": 0.1645419999999831,
          "max": 0.6764170000001286,
          "avg": 0.2712943430000005,
          "p50": 0.27091599999994287,
          "p95": 0.36124999999992724,
          "p99": 0.428957999999966
        }
      }
    },
    "concurrency": {
      "passed": true,
      "stats": {
        "concurrency_1": {
          "min": 0.3900830000000042,
          "max": 0.5113749999998163,
          "avg": 0.46269580000002863,
          "p50": 0.4734579999999369,
          "p95": 0.5113749999998163,
          "p99": 0.5113749999998163
        },
        "concurrency_10": {
          "min": 0.5578330000000733,
          "max": 0.8370829999998932,
          "avg": 0.69197079999999,
          "p50": 0.7043749999997999,
          "p95": 0.8370829999998932,
          "p99": 0.8370829999998932
        },
        "concurrency_100": {
          "min": 2.5077080000000933,
          "max": 4.960792000000083,
          "avg": 4.090470800000025,
          "p50": 4.300750000000107,
          "p95": 4.960792000000083,
          "p99": 4.960792000000083
        },
        "concurrency_500": {
          "min": 11.391458000000057,
          "max": 11.919750000000022,
          "avg": 11.65560400000004,
          "p50": 11.919750000000022,
          "p95": 11.919750000000022,
          "p99": 11.919750000000022
        }
      }
    }
  }
}