{
  "timestamp": "2026-04-08T06:00:53.925Z",
  "version": "2.3.1",
  "iterations": 1000,
  "tests": {
    "redis": {
      "passed": true,
      "stats": {
        "write": {
          "min": 0.19775000000004184,
          "max": 65.05316699999997,
          "avg": 0.5686457010000027,
          "p50": 0.37200000000007094,
          "p95": 0.9582080000000133,
          "p99": 2.352041999999983
        },
        "read": {
          "min": 0.2079590000000735,
          "max": 1.0857080000000678,
          "avg": 0.334234413999998,
          "p50": 0.3011659999999665,
          "p95": 0.5326669999999467,
          "p99": 0.7262920000000577
        }
      }
    },
    "sqlite": {
      "passed": true,
      "stats": {
        "insert": {
          "min": 0.016208999999889784,
          "max": 1.3106250000000728,
          "avg": 0.029224085999997443,
          "p50": 0.02554099999997561,
          "p95": 0.044000000000096406,
          "p99": 0.10208399999987705
        },
        "select": {
          "min": 0.0027500000001055014,
          "max": 0.1875830000001315,
          "avg": 0.00381878299999903,
          "p50": 0.0031249999999545253,
          "p95": 0.004000000000132786,
          "p99": 0.022124999999959982
        }
      }
    },
    "fileQueue": {
      "passed": true,
      "stats": {
        "enqueue": {
          "min": 0.14487499999995634,
          "max": 9.471832999999833,
          "avg": 0.528931370999999,
          "p50": 0.3602920000000722,
          "p95": 1.2991250000000036,
          "p99": 3.3866659999998774
        },
        "dequeue": {
          "min": 0.18879100000003746,
          "max": 6.0997919999999795,
          "avg": 0.5069368229999986,
          "p50": 0.3873329999996713,
          "p95": 1.0940830000001824,
          "p99": 2.6127500000000055
        }
      }
    },
    "concurrency": {
      "passed": true,
      "stats": {
        "concurrency_1": {
          "min": 0.37608399999999165,
          "max": 0.5987909999998919,
          "avg": 0.4757292000000689,
          "p50": 0.470459000000119,
          "p95": 0.5987909999998919,
          "p99": 0.5987909999998919
        },
        "concurrency_10": {
          "min": 0.7765829999998459,
          "max": 1.3527909999997974,
          "avg": 1.0405625000000327,
          "p50": 1.0375000000003638,
          "p95": 1.3527909999997974,
          "p99": 1.3527909999997974
        },
        "concurrency_100": {
          "min": 2.5904169999998885,
          "max": 7.571957999999995,
          "avg": 4.833483599999954,
          "p50": 5.608791999999994,
          "p95": 7.571957999999995,
          "p99": 7.571957999999995
        },
        "concurrency_500": {
          "min": 15.151041000000077,
          "max": 15.972667000000001,
          "avg": 15.56185400000004,
          "p50": 15.972667000000001,
          "p95": 15.972667000000001,
          "p99": 15.972667000000001
        }
      }
    }
  }
}